{
  "profile": {
    "name": "결",
    "bio": "그림으로 써 내려가는 내 결.\n오프라인 퍼스트 포트폴리오 형 앱입니다.\n홈 메뉴 우측 상단에서 도움말을 확인해주세요.",
    "profileImage": "img:cfa38719-6a23-42ed-bbd9-9f7476e7dcc7",
    "socialLinks": [
      {
        "platform": "instagram",
        "url": "https://인스타그램",
        "icon": ""
      },
      {
        "platform": "twitter",
        "url": "https://트위터",
        "icon": ""
      },
      {
        "platform": "pixiv",
        "url": "https://pixiv",
        "icon": ""
      }
    ]
  },
  "worlds": [
    {
      "id": "9f80cc66-df75-465b-bb72-eff446ab68bd",
      "name": "결 「GYEOL」",
      "description": "고도로 발전한 현대 사회.\n인류는 마침내 감정마저 물질로 다루는 기술에 도달한다.\n\n그러나 그 대가로, 세계는 예상치 못한 균열을 맞이한다.\n\n신념이 곧 힘이 되는 시대.\n\n보이지 않던 마음은 형태를 얻고,\n흔들리는 의지는 괴물이 되어 현실을 침식한다.\n\n그리고 오늘도,\n각자의 “결”을 짊어진 인간들이\n무너져가는 일상 위를 걸어간다.",
      "iconImage": "img:77ee6757-a179-4a59-ac54-abea287a2453",
      "mainImage": "",
      "backgroundImage": "img:bbe65b64-e3fd-4a7e-acf5-2b054a5fca0c",
      "worldCharacters": [
        {
          "id": "d9632e8b-4850-4e86-a319-d23631309a95",
          "characterId": "b06a86b5-065a-4f14-8239-6526b7b98bd9"
        },
        {
          "id": "87c4ec9b-6afc-417c-bdb6-fc36a824d21d",
          "characterId": "52bd9cd9-06f3-4ba2-a6b3-655a8292ebad"
        }
      ],
      "worldCreatures": [],
      "properNounKinds": [
        {
          "id": "place",
          "label": "장소",
          "meta": {
            "order": 10
          }
        },
        {
          "id": "organization",
          "label": "조직",
          "meta": {
            "order": 20
          }
        },
        {
          "id": "equipment",
          "label": "장비",
          "meta": {
            "order": 30
          }
        },
        {
          "id": "technology",
          "label": "기술",
          "meta": {
            "order": 40
          }
        },
        {
          "id": "concept",
          "label": "개념",
          "meta": {
            "order": 50
          }
        },
        {
          "id": "event",
          "label": "사건",
          "meta": {
            "order": 60
          }
        },
        {
          "id": "species",
          "label": "종족",
          "meta": {
            "order": 70
          }
        },
        {
          "id": "other",
          "label": "기타",
          "meta": {
            "order": 99
          }
        }
      ],
      "defaultProperNounKindId": "equipment",
      "properNouns": [
        {
          "id": "6a9f139a-292c-41a6-ac0d-bfa4ab060b91",
          "kindId": "place",
          "title": "「CORE ZONE」",
          "summary": "현대 기술력이 만들어낸 기적과도 같은 도시.",
          "description": "유토피아에 가까운, 인류 문명의 정수가 집약된 안전 구역이다.\n대부분의 대도시 중심부가 이에 해당하며, 다층 방어 시스템과 엄격한 관리 체계가 유지된다.\n인류 인구의 대부분이 이곳에 거주한다 — 자격을 갖춘 이들에 한해서.",
          "image": "img:137f0282-91c6-409a-8c68-93908d1870b6",
          "icon": "img:3c97e2cb-f14c-4d09-820a-0f934ea80def",
          "tags": [],
          "links": {
            "worldIds": [],
            "characterIds": [],
            "creatureIds": [],
            "entryIds": [],
            "eventIds": []
          },
          "meta": {
            "updatedAt": "2026-02-21T03:12:35.640Z"
          }
        },
        {
          "id": "23963010-a4fd-42de-82b1-cb380bd04bbe",
          "kindId": "place",
          "title": "「EDGE ZONE」",
          "summary": "평범한 사람들의 생활권.",
          "description": "CORE ZONE과 GRAY ZONE 사이에 형성된 인류의 주요 생활권.\n중산층 중심의 도시가 분포하며, 대부분의 시민이 이곳에서 일상적인 삶을 유지한다.\n위험 요소는 상존하지만, 아직 사회 질서는 붕괴되지 않았다.",
          "image": "img:84202a82-e93a-4535-ba51-bc065fcb678e",
          "icon": "img:105e18f6-380a-407f-b3a0-89105d767d82",
          "tags": [],
          "links": {
            "worldIds": [],
            "characterIds": [],
            "creatureIds": [],
            "entryIds": [],
            "eventIds": []
          },
          "meta": {
            "updatedAt": "2026-02-21T03:16:22.701Z"
          }
        },
        {
          "id": "634f35eb-115c-4b15-ad50-34e409fb703c",
          "kindId": "place",
          "title": "「GRAY ZONE」",
          "summary": "질서는 남아 있지만, 안전은 보장되지 않는 구역.",
          "description": "EDGE ZONE 외곽에 형성된 불안정 생활권.\n사회 기능은 유지되지만 관리와 보호 수준이 크게 낮아져 범죄와 사건이 빈번하게 발생한다.\n대부분의 주민은 이곳을 떠나지 못한 사람들이다.",
          "image": "img:54318e55-d0ac-453f-94e3-1f57e0eafe04",
          "icon": "img:e4156c72-9ec1-42bf-91cb-2b18733a3a7e",
          "tags": [],
          "links": {
            "worldIds": [],
            "characterIds": [],
            "creatureIds": [],
            "entryIds": [],
            "eventIds": []
          },
          "meta": {
            "updatedAt": "2026-02-21T03:26:51.159Z"
          }
        },
        {
          "id": "e937cdfa-84d3-419a-993d-ceb3cbdd5f20",
          "kindId": "place",
          "title": "「RED ZONE」",
          "summary": "인간의 오만이 낳은 끔찍한 결과물.",
          "description": "인류의 통제에서 완전히 벗어난 구역이다.\n오염 물질과 붕괴된 인프라가 뒤엉켜 환경 자체가 치명적인 위험이 되었다.\n정체를 알 수 없는 생명체의 존재가 확인되었으며, 이또한 주요 위험 요소로 분류된다.\n대부분의 사람들은 이곳에 발을 들일 생각조차 하지 못한다 — 그럴 능력도 없다.",
          "image": "img:cbe62378-b842-4677-b0eb-015917be6b36",
          "icon": "img:892367f7-033e-4f1e-be8d-7bfe68f56cac",
          "tags": [],
          "links": {
            "worldIds": [],
            "characterIds": [],
            "creatureIds": [],
            "entryIds": [],
            "eventIds": []
          },
          "meta": {
            "updatedAt": "2026-02-21T03:34:25.083Z"
          }
        },
        {
          "id": "07d1ce90-3717-46c0-8f10-3f67ebbaf712",
          "kindId": "organization",
          "title": "이상대응국",
          "summary": "이상 반응 발생 이후 설립된 정부 측 대응 전담 기관.",
          "description": "작전 수행 및 전투를 담당하는 작전부, 기술 연구 수행을 담당하는 연구부, 작전 지원 및 기록을 담당하는 기록부로 나뉜다.\n민간 지원은 대외 명분이며, 실질 목적은 현장 데이터 확보와 위험도 통제에 있다.\n인력 소모가 심각해 말단 교체가 상시 발생하며, 현장 생존율은 개인 역량에 의존한다.",
          "image": "img:f017b50b-a521-448c-b8af-d0d4ebda8769",
          "icon": "img:d6de2f7d-43e8-40b0-9120-0de80c9eac12",
          "tags": [],
          "links": {
            "worldIds": [],
            "characterIds": [],
            "creatureIds": [],
            "entryIds": [],
            "eventIds": []
          },
          "meta": {
            "updatedAt": "2026-02-21T04:19:31.648Z"
          }
        },
        {
          "id": "d2928f18-47b8-4202-8044-22493c241b45",
          "kindId": "organization",
          "title": "길잡이",
          "summary": "인간의 ‘완성’을 믿고 그 길로 이끄는 존재들",
          "description": "이상 현장에서 생환한 뒤, 인간들을 새로운 길로 이끄는 존재들.\n감정의 이상 반응에 저항하지 않고 받아들여 개화 단계에 도달한 존재들로 구성되어 있다.\n\n인간은 감정을 통해 완성된다는 신념.\n통제는 퇴보이며, 붕괴조차 하나의 과정으로 받아들인다.\n이들은 발아·개화·결실·산포로 이어지는 과정을 인간의 궁극적인 진화라고 믿으며, 타인을 그 길로 이끈다.",
          "image": "img:d6037eee-6f74-43d2-8516-32da66aad593",
          "icon": "img:e49917e5-315f-449a-af9b-1bf42b90ff88",
          "tags": [],
          "links": {
            "worldIds": [],
            "characterIds": [
              "b06a86b5-065a-4f14-8239-6526b7b98bd9",
              "52bd9cd9-06f3-4ba2-a6b3-655a8292ebad"
            ],
            "creatureIds": [],
            "entryIds": [],
            "eventIds": []
          },
          "meta": {
            "updatedAt": "2026-02-21T10:17:14.109Z"
          }
        },
        {
          "id": "47ac3e97-cb14-44f1-bd30-409fd29fcdde",
          "kindId": "organization",
          "title": "유랑단",
          "summary": "무대 위에서는 광대, 막이 내리면 구원자.",
          "description": "부유한 자들의 돈으로 살아가고,\n가난한 자들의 희망으로 존재한다.\n\n외면받은 자들의 지원을 대신 수행하는 떠돌이 의적 서커스단.",
          "image": "img:9f1e521b-e2fc-44fc-9dac-8cf20b9a00a1",
          "icon": "img:d921c2d6-13ec-4248-a309-9b91f10a9d22",
          "tags": [],
          "links": {
            "worldIds": [],
            "characterIds": [],
            "creatureIds": [],
            "entryIds": [],
            "eventIds": []
          },
          "meta": {
            "updatedAt": "2026-02-21T04:53:31.078Z"
          }
        },
        {
          "id": "31e7ed2a-4795-4e64-ae0e-75a902e64e95",
          "kindId": "organization",
          "title": "짐승굴",
          "summary": "돈과 피의 냄새를 따라 움직이는 짐승 무리.",
          "description": "계약은 지키지만, 그 과정에서 일련의 망설임도 없다.\n돈, 폭력 그 자체에서 쾌락을 느낀다.\n\n그들에게 전장은 잘 차려진 한 상일 뿐이다.",
          "image": "img:4b8d3623-5ebe-426b-885a-03b8c130fae0",
          "icon": "img:20db1e2d-c810-4f5e-bc15-0f04880e4e45",
          "tags": [],
          "links": {
            "worldIds": [],
            "characterIds": [],
            "creatureIds": [],
            "entryIds": [],
            "eventIds": []
          },
          "meta": {
            "updatedAt": "2026-02-21T05:27:33.426Z"
          }
        },
        {
          "id": "d5d00dcc-3692-4460-bf55-310fc37afd87",
          "kindId": "organization",
          "title": "푸른 구원",
          "summary": "푸른 빛을 내뿜으며 구원을 행하는 집단.",
          "description": "그들은 선택받은 것이 아니다.\n\n단지 포기하지 않았을 뿐이다.\n\n절망 속에서도 누군가를 위해 싸우기로 결심했을 때,\n그들의 감정은 힘이 된다.\n\n사람들은 그들을 이렇게 부른다.\n\n푸른 구원.",
          "image": "img:b614f0ae-f56a-4fff-9d65-8767222ed4ed",
          "icon": "img:048fb93b-1660-441e-828b-bb2514289562",
          "tags": [],
          "links": {
            "worldIds": [],
            "characterIds": [],
            "creatureIds": [],
            "entryIds": [],
            "eventIds": []
          },
          "meta": {
            "updatedAt": "2026-02-21T05:45:36.186Z"
          }
        },
        {
          "id": "f486c274-5c2b-4001-ad7e-67e5c60465de",
          "kindId": "equipment",
          "title": "유물 「RELIC」",
          "summary": "강렬한 감정이 현실과 엮여 형태를 얻은 초월적 장비.",
          "description": "유물은 극단적인 감정이 주변 물질과 융합하여 생성된 특수한 장비이다.\n의도적으로 제작되는 것이 아니라 특정 사건이나 상황 속에서 자연적으로 탄생하며, 동일한 형태의 유물이 다시 만들어지는 일은 거의 없다.\n일부 유물은 생성 과정에서 감정의 흔적이 의지처럼 남아 사용자에게 영향을 미치거나, 스스로 사용자를 선택하기도 한다.\n그 능력은 단순한 무기의 범주를 넘어 현실 법칙을 왜곡하거나 초월적인 현상을 일으키는 경우도 보고되어 있다.\n가격과 가치 역시 측정이 불가능할 정도로 다양하며, 국가나 조직 단위에서도 확보를 최우선 목표로 삼는 대상이다.\n특히 자아에 가까운 반응을 보이는 유물은 통제가 어려워 위험 등급이 별도로 지정된다.",
          "image": "img:e215eaa5-06d4-4b14-8077-b1e789e6276a",
          "icon": "img:4135ae34-eb6b-4cf5-a3a1-703c8dcdc04f",
          "tags": [],
          "links": {
            "worldIds": [],
            "characterIds": [],
            "creatureIds": [],
            "entryIds": [],
            "eventIds": []
          },
          "meta": {
            "updatedAt": "2026-02-21T06:04:52.236Z"
          }
        },
        {
          "id": "350f9d15-e9fa-45dc-8975-e3dbb886cacf",
          "kindId": "equipment",
          "title": "결 「CREED」",
          "summary": "개인의 신념이 현실에 구현된 사용자 고유의 장비.",
          "description": "결은 능력을 개화한 인물이 자신의 의지와 신념을 기반으로 만들어내는 특수한 장비이다.\n외부에서 획득하거나 계승되는 것이 아니라 사용자 스스로의 존재와 밀접하게 연결되어 있으며, 타인이 동일한 결을 사용하는 형태는 아직까지 발견되지 않았다.\n형태는 고정되지 않고 사용자의 상태와 의지에 따라 변화하거나 분리·재구성되는 경우도 확인된다.\n결은 사용자의 정신과 직접 연결되어 있어 의지가 유지되는 한 파괴되지 않으며, 물리적으로 손상되더라도 다시 형성될 수 있다.\n반대로 사용자의 신념이 흔들리거나 붕괴될 경우 결 또한 약화되거나 소멸할 수 있다.\n일부 고위 등급의 결은 유물에 필적하거나 그 이상의 초월적 능력을 발휘하기도 한다.",
          "image": "img:5b9ea134-5105-4f52-bf88-724e5c6ccc31",
          "icon": "img:f103d37a-5e67-4b87-9221-8619b7716216",
          "tags": [],
          "links": {
            "worldIds": [],
            "characterIds": [],
            "creatureIds": [],
            "entryIds": [],
            "eventIds": []
          },
          "meta": {
            "updatedAt": "2026-02-21T06:12:49.495Z"
          }
        },
        {
          "id": "1365d6a5-2ab8-4888-b637-f318c32ab236",
          "kindId": "equipment",
          "title": "단조장비 「FORGED」",
          "summary": "현대 기술과 자본으로 제작된 인공 장비.",
          "description": "단조장비는 국가, 기업 또는 전문 연구기관에서 개발·제조하는 현대식 전투 장비를 의미한다.\n정밀한 설계와 산업 생산 공정을 통해 제작되며, 동일한 성능의 장비를 복제하거나 대량 생산할 수 있다는 점이 특징이다.\n기본적인 군용 장비부터 개인 맞춤형 고성능 장비까지 다양한 등급이 존재하며, 투입된 기술력과 자본에 따라 성능 차이가 크게 나타난다.\n고급 단조장비는 능력 사용자에게 맞춰 설계되어 결 장비나 일부 유물에 필적하는 전투력을 발휘하기도 한다.\n다만 초월적 존재와의 직접적인 연결이 없기 때문에, 사용자의 숙련도와 장비 유지 관리 상태가 성능에 큰 영향을 미친다.\n현대 사회에서 가장 널리 사용되는 장비 체계이며, 대부분의 정규 전력은 단조장비를 기반으로 구성된다.",
          "image": "img:ea4f1cf4-fee1-404d-a744-6100609415d3",
          "icon": "img:5f15f64b-734e-48e3-b2ef-03045f74a95a",
          "tags": [],
          "links": {
            "worldIds": [],
            "characterIds": [],
            "creatureIds": [],
            "entryIds": [],
            "eventIds": []
          },
          "meta": {
            "updatedAt": "2026-02-21T06:23:50.560Z"
          }
        },
        {
          "id": "ed146467-ff57-4716-90c3-8e4b676cc2db",
          "kindId": "concept",
          "title": "위상  「PHASE」",
          "summary": "모든 비정상적 요소가 현실에 미치는 영향력을 평가하기 위한 분류 체계이다.",
          "description": "단순한 전투력이나 파괴력만이 아니라 통제 가능성, 확산 위험, 대응 난이도 등을 종합적으로 고려하여 산정된다.\n동일한 대상이라도 환경이나 사용자에 따라 위상이 변동될 수 있으며, 잠재적 위험성 또한 평가 기준에 포함된다.\n\n잔향 「AFTERECHO」\n- 대부분의 개화 초기 능력자나 초기 단계의 장비가 이 범주에 속한다.\n- 일반적인 총기류나 강화된 냉병기 수준의 피해를 유발할 수 있다.\n\n파동 「WAVE」\n- 전투 상황에서 실질적인 위협으로 간주되며, 다수의 인명 피해가 발생할 수 있다.\n- 중화기나 화포류에 준하는 파괴력을 지닌다.\n\n폭풍 「STORM」\n- 일반적인 전장을 지배할 수 있는 수준의 고위 위상.\n- 단일 개체만으로도 소도시 규모에 유의미한 피해를 입힐 수 있다.\n- 폭풍급 개체 하나는 복수의 중장갑 전력에 필적하는 전투력을 보유한다.\n\n재앙 「CALAMITY」\n- 국가 단위 대응이 요구되는 재난급 위상.\n- 출현 자체가 비상 상황으로 간주되며 대규모 대피 및 봉인 조치가 우선된다.\n- 장기적으로 방치될 경우 소도시 기능의 붕괴 또는 광범위한 환경 파괴가 발생할 수 있다.\n\n심연 「ABYSS」\n- 존재 자체가 현실의 안정성을 근본적으로 위협하는 최상위 위상.\n- 관측된 사례는 공식적으로 보고된 바 없으며, 대응 가능성 또한 불명확하다.\n- 만약 출현이 확인될 경우 기존의 위상 체계로는 대응이 불가능할 것으로 예상된다.",
          "image": "img:f8a178d0-1afd-49eb-b596-d66cb4707ea9",
          "icon": "img:9150ccd3-78d6-4121-9025-da41bba89324",
          "tags": [],
          "links": {
            "worldIds": [],
            "characterIds": [],
            "creatureIds": [],
            "entryIds": [],
            "eventIds": []
          },
          "meta": {
            "updatedAt": "2026-02-21T06:48:43.537Z"
          }
        }
      ],
      "events": []
    }
  ],
  "characters": [
    {
      "id": "b06a86b5-065a-4f14-8239-6526b7b98bd9",
      "name": "연화",
      "rankId": "rank_c",
      "subCategories": [
        "길잡이",
        "결",
        "재앙"
      ],
      "profileImage": "img:c7d3d808-eac6-4eab-b0f3-980ce59a7f86",
      "mainImage": "img:5ef2f77f-a3e6-49b7-8203-3849a0d20cad",
      "subImages": [
        {
          "image": "img:a0f058cc-300e-4456-962e-ed91d9839e1f",
          "summary": "초롱  「결」",
          "description": "초롱이 달린 사복검."
        }
      ],
      "tags": [],
      "symbolColors": [
        {
          "id": "sc-1771663422877",
          "name": "가라앉는 청록색",
          "hex": "#1C2F2F"
        }
      ],
      "summary": "심연의 길잡이",
      "description": "우리가 아는 세계는 얕은 신경이 만들어 낸 표면에 지나지 않는다.\n그 얄팍한 세계에 헌신하는 길 잃은 자들을 위해 나타난  소녀.",
      "meta": {
        "order": 0
      }
    },
    {
      "id": "52bd9cd9-06f3-4ba2-a6b3-655a8292ebad",
      "name": "미나세 아마네",
      "rankId": "rank_c",
      "subCategories": [
        "길잡이",
        "파동",
        "결"
      ],
      "profileImage": "img:ae67f0a9-53d1-4d4c-9578-0ccfec4b1fd8",
      "mainImage": "img:ac9cba00-752f-4cbd-8532-a605223ab842",
      "subImages": [
        {
          "image": "img:1c578c95-183a-4fc1-a2f5-5c3d5c603cc2",
          "summary": "검선 「결」",
          "description": "부채 형태의 검.\n목표를 향해 날아간 검날은 멈추지 않는다.\n거스를 수 없는 흐름처럼."
        }
      ],
      "tags": [],
      "symbolColors": [
        {
          "id": "sc:52bd9cd9-06f3-4ba2-a6b3-655a8292ebad:0:#444444",
          "name": "떠오르는 선홍색",
          "hex": "#E60023"
        }
      ],
      "summary": "재앙을 알리는 무녀",
      "description": "깊은 바다에서 떠오르는 존재들은 재앙을 상징하곤 한다.\n그녀 또한 그런 존재 중 하나다.\n갑작스러운 변고는, 사고일까, 아니면 운명일까?",
      "meta": {
        "order": 0
      }
    },
    {
      "id": "d8ab13e1-c5e1-4787-857c-4178e25edfe8",
      "name": "링샤",
      "rankId": "rank_c",
      "subCategories": [
        "길잡이",
        "재앙",
        "결"
      ],
      "profileImage": "img:ef502208-f4b1-4976-b1a2-cff4ca97641a",
      "mainImage": "img:1aa027a2-b749-4575-9b44-ddbadf3170b8",
      "subImages": [
        {
          "image": "img:64ba2084-4067-4a81-90ed-523d0d1e658f",
          "summary": "환락  「결」",
          "description": "커다란 생물의 형태를 띄고 있는 우산.\n\n펼쳐진 안쪽은 이상하리만치 아늑하고, 따듯해보인다.\n두려움도, 고통도, 불안도 전부 사소한 일처럼 느껴질 것만 같다."
        }
      ],
      "tags": [],
      "symbolColors": [
        {
          "id": "sc-1771671812138-ee2eaace72c1e",
          "name": "넘쳐 흐르는 노란색",
          "hex": "#FFD84D"
        }
      ],
      "summary": "슬플 이유가 없는 소녀",
      "description": "시작과 끝은 크게 중요하지 않아요.\n어떻게 생각 하는가에 따라 손바닥 뒤집듯 변하는 것인 걸요.\n\n중요한 건, 얼마나 즐거운가죠.",
      "meta": {
        "order": 0
      }
    }
  ],
  "creatures": [],
  "settings": {
    "heroBackgroundImage": "img:94e0a580-0ffe-4879-be46-f0642f524eb3",
    "characterCategories": [
      {
        "main": "소속",
        "subs": [
          "이상대응국",
          "길잡이",
          "유랑단",
          "버던트 하이브",
          "짐승굴",
          "푸른 구원"
        ]
      },
      {
        "main": "위상",
        "subs": [
          "잔향",
          "파동",
          "폭풍",
          "재앙",
          "심연"
        ]
      },
      {
        "main": "장비",
        "subs": [
          "유물",
          "결",
          "단조장비"
        ]
      },
      {
        "main": "버던트 하이브",
        "subs": [
          "퀸",
          "가드너",
          "폴리네이터",
          "프레데터",
          "루트"
        ]
      },
      {
        "main": "유랑단",
        "subs": [
          "단장",
          "투사",
          "조련사"
        ]
      }
    ],
    "creatureCategories": [],
    "editMode": true,
    "rankSets": {
      "characters": {
        "id": "rankset_characters",
        "name": "Character Ranks",
        "defaultTierId": "rank_c",
        "tiers": [
          {
            "id": "rank_s",
            "label": "S",
            "order": 0
          },
          {
            "id": "rank_a",
            "label": "A",
            "order": 1
          },
          {
            "id": "rank_b",
            "label": "B",
            "order": 2
          },
          {
            "id": "rank_c",
            "label": "C",
            "order": 3
          },
          {
            "id": "rank_d",
            "label": "D",
            "order": 4
          }
        ]
      },
      "creatures": {
        "id": "rankset_creatures",
        "name": "Creature Threat",
        "defaultTierId": "threat_1",
        "tiers": [
          {
            "id": "threat_1",
            "label": "I",
            "order": 0
          },
          {
            "id": "threat_2",
            "label": "II",
            "order": 1
          },
          {
            "id": "threat_3",
            "label": "III",
            "order": 2
          },
          {
            "id": "threat_4",
            "label": "IV",
            "order": 3
          },
          {
            "id": "threat_5",
            "label": "V",
            "order": 4
          }
        ]
      }
    },
    "frameSettings": {
      "characters": {
        "base": {
          "presets": [
            "glow-soft"
          ]
        },
        "selectedExtra": {
          "outer": "glow-soft",
          "inner": "scan-sweep"
        }
      },
      "creatures": {
        "base": {
          "presets": [
            "glow-soft"
          ]
        }
      }
    }
  }
}