{
  "profile": {
    "name": "결",
    "bio": "그림으로 써 내려가는 내 결.\n오프라인 퍼스트 포트폴리오 형 앱입니다.\n홈 메뉴 우측 상단에서 도움말을 확인해주세요.",
    "profileImage": "img:cfa38719-6a23-42ed-bbd9-9f7476e7dcc7",
    "socialLinks": [
      {
        "platform": "instagram",
        "url": "https://인스타그램",
        "icon": ""
      },
      {
        "platform": "twitter",
        "url": "https://트위터",
        "icon": ""
      },
      {
        "platform": "pixiv",
        "url": "https://pixiv",
        "icon": ""
      }
    ]
  },
  "worlds": [
    {
      "id": "9f80cc66-df75-465b-bb72-eff446ab68bd",
      "name": "결 「GYEOL」",
      "description": "고도로 발전한 현대 사회.\n인류는 마침내 감정마저 물질로 다루는 기술에 도달한다.\n\n그러나 그 대가로, 세계는 예상치 못한 균열을 맞이한다.\n\n신념이 곧 힘이 되는 시대.\n\n보이지 않던 마음은 형태를 얻고,\n흔들리는 의지는 괴물이 되어 현실을 침식한다.\n\n그리고 오늘도,\n각자의 “결”을 짊어진 인간들이\n무너져가는 일상 위를 걸어간다.",
      "iconImage": "img:77ee6757-a179-4a59-ac54-abea287a2453",
      "mainImage": "",
      "backgroundImage": "img:bbe65b64-e3fd-4a7e-acf5-2b054a5fca0c",
      "worldCharacters": [
        {
          "id": "d9632e8b-4850-4e86-a319-d23631309a95",
          "characterId": "b06a86b5-065a-4f14-8239-6526b7b98bd9"
        },
        {
          "id": "87c4ec9b-6afc-417c-bdb6-fc36a824d21d",
          "characterId": "52bd9cd9-06f3-4ba2-a6b3-655a8292ebad"
        },
        {
          "id": "863b18a3-52d7-4ebe-b36c-9bbf7afd61fd",
          "characterId": "d8ab13e1-c5e1-4787-857c-4178e25edfe8"
        },
        {
          "id": "ba95c8d2-5fc9-45e0-b210-6418b48e0af9",
          "characterId": "eb6c0a6e-6697-4b0f-bebf-ae237210a14b"
        },
        {
          "id": "33e0d47d-33dc-43c9-b97a-93a4ebb8842f",
          "characterId": "db9d04fd-2a94-4094-9a00-d8973f17bf85"
        },
        {
          "id": "3679663d-3636-4779-92de-9db1ff4f49a6",
          "characterId": "14c8b383-3396-4638-8f5d-6d96d5135343"
        },
        {
          "id": "e1f3f1c0-54ba-4ce9-8850-2be46f90e907",
          "characterId": "8d9ca2f8-90e1-413e-a0c6-4f223472afa3"
        },
        {
          "id": "5317d5c6-3852-4f81-a144-4c223ce469e9",
          "characterId": "77d32cc5-336b-421f-b976-3dc343081267"
        },
        {
          "id": "f2a89b22-abfd-4996-9856-d47cb906e97c",
          "characterId": "8b98ca4d-5180-4ecd-842b-eb8bda2ab2cb"
        },
        {
          "id": "f01eadee-9173-4f1f-87f2-686455c96cdf",
          "characterId": "f94a5364-ee96-4bdb-804c-cffaed805f9d"
        },
        {
          "id": "43f26de3-6204-4eb6-98aa-7ef4f4be38c6",
          "characterId": "5001786a-ad2d-40f7-b630-72aca6c90266"
        }
      ],
      "worldCreatures": [],
      "properNounKinds": [
        {
          "id": "place",
          "label": "장소",
          "meta": {
            "order": 10
          }
        },
        {
          "id": "organization",
          "label": "조직",
          "meta": {
            "order": 20
          }
        },
        {
          "id": "equipment",
          "label": "장비",
          "meta": {
            "order": 30
          }
        },
        {
          "id": "technology",
          "label": "기술",
          "meta": {
            "order": 40
          }
        },
        {
          "id": "concept",
          "label": "개념",
          "meta": {
            "order": 50
          }
        },
        {
          "id": "event",
          "label": "사건",
          "meta": {
            "order": 60
          }
        },
        {
          "id": "species",
          "label": "종족",
          "meta": {
            "order": 70
          }
        },
        {
          "id": "other",
          "label": "기타",
          "meta": {
            "order": 99
          }
        }
      ],
      "defaultProperNounKindId": "equipment",
      "properNouns": [
        {
          "id": "6a9f139a-292c-41a6-ac0d-bfa4ab060b91",
          "kindId": "place",
          "title": "「CORE ZONE」",
          "summary": "현대 기술력이 만들어낸 기적과도 같은 도시.",
          "description": "유토피아에 가까운, 인류 문명의 정수가 집약된 안전 구역이다.\n대부분의 대도시 중심부가 이에 해당하며, 다층 방어 시스템과 엄격한 관리 체계가 유지된다.\n인류 인구의 대부분이 이곳에 거주한다 — 자격을 갖춘 이들에 한해서.",
          "image": "img:137f0282-91c6-409a-8c68-93908d1870b6",
          "icon": "img:3c97e2cb-f14c-4d09-820a-0f934ea80def",
          "tags": [],
          "links": {
            "worldIds": [],
            "characterIds": [],
            "creatureIds": [],
            "entryIds": [],
            "eventIds": []
          },
          "meta": {
            "updatedAt": "2026-02-21T15:56:46.804Z"
          }
        },
        {
          "id": "23963010-a4fd-42de-82b1-cb380bd04bbe",
          "kindId": "place",
          "title": "「EDGE ZONE」",
          "summary": "평범한 사람들의 생활권.",
          "description": "CORE ZONE과 GRAY ZONE 사이에 형성된 인류의 주요 생활권.\n중산층 중심의 도시가 분포하며, 대부분의 시민이 이곳에서 일상적인 삶을 유지한다.\n위험 요소는 상존하지만, 아직 사회 질서는 붕괴되지 않았다.",
          "image": "img:84202a82-e93a-4535-ba51-bc065fcb678e",
          "icon": "img:105e18f6-380a-407f-b3a0-89105d767d82",
          "tags": [],
          "links": {
            "worldIds": [],
            "characterIds": [],
            "creatureIds": [],
            "entryIds": [],
            "eventIds": []
          },
          "meta": {
            "updatedAt": "2026-02-21T03:16:22.701Z"
          }
        },
        {
          "id": "634f35eb-115c-4b15-ad50-34e409fb703c",
          "kindId": "place",
          "title": "「GRAY ZONE」",
          "summary": "질서는 남아 있지만, 안전은 보장되지 않는 구역.",
          "description": "EDGE ZONE 외곽에 형성된 불안정 생활권.\n사회 기능은 유지되지만 관리와 보호 수준이 크게 낮아져 범죄와 사건이 빈번하게 발생한다.\n대부분의 주민은 이곳을 떠나지 못한 사람들이다.",
          "image": "img:54318e55-d0ac-453f-94e3-1f57e0eafe04",
          "icon": "img:e4156c72-9ec1-42bf-91cb-2b18733a3a7e",
          "tags": [],
          "links": {
            "worldIds": [],
            "characterIds": [],
            "creatureIds": [],
            "entryIds": [],
            "eventIds": []
          },
          "meta": {
            "updatedAt": "2026-02-21T03:26:51.159Z"
          }
        },
        {
          "id": "e937cdfa-84d3-419a-993d-ceb3cbdd5f20",
          "kindId": "place",
          "title": "「RED ZONE」",
          "summary": "인간의 오만이 낳은 끔찍한 결과물.",
          "description": "인류의 통제에서 완전히 벗어난 구역이다.\n오염 물질과 붕괴된 인프라가 뒤엉켜 환경 자체가 치명적인 위험이 되었다.\n정체를 알 수 없는 생명체의 존재가 확인되었으며, 이또한 주요 위험 요소로 분류된다.\n대부분의 사람들은 이곳에 발을 들일 생각조차 하지 못한다 — 그럴 능력도 없다.",
          "image": "img:cbe62378-b842-4677-b0eb-015917be6b36",
          "icon": "img:892367f7-033e-4f1e-be8d-7bfe68f56cac",
          "tags": [],
          "links": {
            "worldIds": [],
            "characterIds": [],
            "creatureIds": [],
            "entryIds": [],
            "eventIds": []
          },
          "meta": {
            "updatedAt": "2026-02-21T03:34:25.083Z"
          }
        },
        {
          "id": "07d1ce90-3717-46c0-8f10-3f67ebbaf712",
          "kindId": "organization",
          "title": "이상대응국",
          "summary": "이상 반응 발생 이후 설립된 정부 측 대응 전담 기관.",
          "description": "작전 수행 및 전투를 담당하는 작전부, 기술 연구 수행을 담당하는 연구부, 작전 지원 및 기록을 담당하는 기록부로 나뉜다.\n민간 지원은 대외 명분이며, 실질 목적은 현장 데이터 확보와 위험도 통제에 있다.\n인력 소모가 심각해 말단 교체가 상시 발생하며, 현장 생존율은 개인 역량에 의존한다.",
          "image": "img:f017b50b-a521-448c-b8af-d0d4ebda8769",
          "icon": "img:d6de2f7d-43e8-40b0-9120-0de80c9eac12",
          "tags": [],
          "links": {
            "worldIds": [],
            "characterIds": [
              "5001786a-ad2d-40f7-b630-72aca6c90266",
              "3a992502-cda4-4281-bf52-68cd20c7da71"
            ],
            "creatureIds": [],
            "entryIds": [],
            "eventIds": []
          },
          "meta": {
            "updatedAt": "2026-02-21T23:04:56.986Z"
          }
        },
        {
          "id": "d2928f18-47b8-4202-8044-22493c241b45",
          "kindId": "organization",
          "title": "길잡이",
          "summary": "인간의 ‘완성’을 믿고 그 길로 이끄는 존재들",
          "description": "이상 현장에서 생환한 뒤, 인간들을 새로운 길로 이끄는 존재들.\n감정의 이상 반응에 저항하지 않고 받아들여 개화 단계에 도달한 존재들로 구성되어 있다.\n\n인간은 감정을 통해 완성된다는 신념.\n통제는 퇴보이며, 붕괴조차 하나의 과정으로 받아들인다.\n이들은 발아·개화·결실·산포로 이어지는 과정을 인간의 궁극적인 진화라고 믿으며, 타인을 그 길로 이끈다.",
          "image": "img:d6037eee-6f74-43d2-8516-32da66aad593",
          "icon": "img:e49917e5-315f-449a-af9b-1bf42b90ff88",
          "tags": [],
          "links": {
            "worldIds": [],
            "characterIds": [
              "b06a86b5-065a-4f14-8239-6526b7b98bd9",
              "52bd9cd9-06f3-4ba2-a6b3-655a8292ebad",
              "d8ab13e1-c5e1-4787-857c-4178e25edfe8"
            ],
            "creatureIds": [],
            "entryIds": [],
            "eventIds": []
          },
          "meta": {
            "updatedAt": "2026-02-21T20:59:37.054Z"
          }
        },
        {
          "id": "47ac3e97-cb14-44f1-bd30-409fd29fcdde",
          "kindId": "organization",
          "title": "유랑단",
          "summary": "무대 위에서는 광대, 막이 내리면 구원자.",
          "description": "부유한 자들의 돈으로 살아가고,\n가난한 자들의 희망으로 존재한다.\n\n외면받은 자들의 지원을 대신 수행하는 떠돌이 의적 서커스단.",
          "image": "img:9f1e521b-e2fc-44fc-9dac-8cf20b9a00a1",
          "icon": "img:d921c2d6-13ec-4248-a309-9b91f10a9d22",
          "tags": [],
          "links": {
            "worldIds": [],
            "characterIds": [
              "8d9ca2f8-90e1-413e-a0c6-4f223472afa3",
              "77d32cc5-336b-421f-b976-3dc343081267",
              "8b98ca4d-5180-4ecd-842b-eb8bda2ab2cb"
            ],
            "creatureIds": [],
            "entryIds": [],
            "eventIds": []
          },
          "meta": {
            "updatedAt": "2026-02-21T21:00:08.351Z"
          }
        },
        {
          "id": "31e7ed2a-4795-4e64-ae0e-75a902e64e95",
          "kindId": "organization",
          "title": "짐승굴",
          "summary": "돈과 피의 냄새를 따라 움직이는 짐승 무리.",
          "description": "계약은 지키지만, 그 과정에서 일련의 망설임도 없다.\n돈, 폭력 그 자체에서 쾌락을 느낀다.\n\n그들에게 전장은 잘 차려진 한 상일 뿐이다.",
          "image": "img:4b8d3623-5ebe-426b-885a-03b8c130fae0",
          "icon": "img:20db1e2d-c810-4f5e-bc15-0f04880e4e45",
          "tags": [],
          "links": {
            "worldIds": [],
            "characterIds": [
              "14c8b383-3396-4638-8f5d-6d96d5135343",
              "eb6c0a6e-6697-4b0f-bebf-ae237210a14b",
              "db9d04fd-2a94-4094-9a00-d8973f17bf85"
            ],
            "creatureIds": [],
            "entryIds": [],
            "eventIds": []
          },
          "meta": {
            "updatedAt": "2026-02-21T20:59:50.575Z"
          }
        },
        {
          "id": "d5d00dcc-3692-4460-bf55-310fc37afd87",
          "kindId": "organization",
          "title": "푸른 구원",
          "summary": "푸른 빛을 내뿜으며 구원을 행하는 집단.",
          "description": "그들은 선택받은 것이 아니다.\n\n단지 포기하지 않았을 뿐이다.\n\n절망 속에서도 누군가를 위해 싸우기로 결심했을 때,\n그들의 감정은 힘이 된다.\n\n사람들은 그들을 이렇게 부른다.\n\n푸른 구원.",
          "image": "img:b614f0ae-f56a-4fff-9d65-8767222ed4ed",
          "icon": "img:048fb93b-1660-441e-828b-bb2514289562",
          "tags": [],
          "links": {
            "worldIds": [],
            "characterIds": [],
            "creatureIds": [],
            "entryIds": [],
            "eventIds": []
          },
          "meta": {
            "updatedAt": "2026-02-21T05:45:36.186Z"
          }
        },
        {
          "id": "f486c274-5c2b-4001-ad7e-67e5c60465de",
          "kindId": "equipment",
          "title": "유물 「RELIC」",
          "summary": "강렬한 감정이 현실과 엮여 형태를 얻은 초월적 장비.",
          "description": "유물은 극단적인 감정이 주변 물질과 융합하여 생성된 특수한 장비이다.\n의도적으로 제작되는 것이 아니라 특정 사건이나 상황 속에서 자연적으로 탄생하며, 동일한 형태의 유물이 다시 만들어지는 일은 거의 없다.\n일부 유물은 생성 과정에서 감정의 흔적이 의지처럼 남아 사용자에게 영향을 미치거나, 스스로 사용자를 선택하기도 한다.\n그 능력은 단순한 무기의 범주를 넘어 현실 법칙을 왜곡하거나 초월적인 현상을 일으키는 경우도 보고되어 있다.\n가격과 가치 역시 측정이 불가능할 정도로 다양하며, 국가나 조직 단위에서도 확보를 최우선 목표로 삼는 대상이다.\n특히 자아에 가까운 반응을 보이는 유물은 통제가 어려워 위험 등급이 별도로 지정된다.",
          "image": "img:e215eaa5-06d4-4b14-8077-b1e789e6276a",
          "icon": "img:4135ae34-eb6b-4cf5-a3a1-703c8dcdc04f",
          "tags": [],
          "links": {
            "worldIds": [],
            "characterIds": [],
            "creatureIds": [],
            "entryIds": [],
            "eventIds": []
          },
          "meta": {
            "updatedAt": "2026-02-21T06:04:52.236Z"
          }
        },
        {
          "id": "350f9d15-e9fa-45dc-8975-e3dbb886cacf",
          "kindId": "equipment",
          "title": "결 「CREED」",
          "summary": "개인의 신념이 현실에 구현된 사용자 고유의 장비.",
          "description": "결은 능력을 개화한 인물이 자신의 의지와 신념을 기반으로 만들어내는 특수한 장비이다.\n외부에서 획득하거나 계승되는 것이 아니라 사용자 스스로의 존재와 밀접하게 연결되어 있으며, 타인이 동일한 결을 사용하는 형태는 아직까지 발견되지 않았다.\n형태는 고정되지 않고 사용자의 상태와 의지에 따라 변화하거나 분리·재구성되는 경우도 확인된다.\n결은 사용자의 정신과 직접 연결되어 있어 의지가 유지되는 한 파괴되지 않으며, 물리적으로 손상되더라도 다시 형성될 수 있다.\n반대로 사용자의 신념이 흔들리거나 붕괴될 경우 결 또한 약화되거나 소멸할 수 있다.\n일부 고위 등급의 결은 유물에 필적하거나 그 이상의 초월적 능력을 발휘하기도 한다.",
          "image": "img:5b9ea134-5105-4f52-bf88-724e5c6ccc31",
          "icon": "img:f103d37a-5e67-4b87-9221-8619b7716216",
          "tags": [],
          "links": {
            "worldIds": [],
            "characterIds": [],
            "creatureIds": [],
            "entryIds": [],
            "eventIds": []
          },
          "meta": {
            "updatedAt": "2026-02-21T06:12:49.495Z"
          }
        },
        {
          "id": "1365d6a5-2ab8-4888-b637-f318c32ab236",
          "kindId": "equipment",
          "title": "단조장비 「FORGED」",
          "summary": "현대 기술과 자본으로 제작된 인공 장비.",
          "description": "단조장비는 국가, 기업 또는 전문 연구기관에서 개발·제조하는 현대식 전투 장비를 의미한다.\n정밀한 설계와 산업 생산 공정을 통해 제작되며, 동일한 성능의 장비를 복제하거나 대량 생산할 수 있다는 점이 특징이다.\n기본적인 군용 장비부터 개인 맞춤형 고성능 장비까지 다양한 등급이 존재하며, 투입된 기술력과 자본에 따라 성능 차이가 크게 나타난다.\n고급 단조장비는 능력 사용자에게 맞춰 설계되어 결 장비나 일부 유물에 필적하는 전투력을 발휘하기도 한다.\n다만 초월적 존재와의 직접적인 연결이 없기 때문에, 사용자의 숙련도와 장비 유지 관리 상태가 성능에 큰 영향을 미친다.\n현대 사회에서 가장 널리 사용되는 장비 체계이며, 대부분의 정규 전력은 단조장비를 기반으로 구성된다.",
          "image": "img:ea4f1cf4-fee1-404d-a744-6100609415d3",
          "icon": "img:5f15f64b-734e-48e3-b2ef-03045f74a95a",
          "tags": [],
          "links": {
            "worldIds": [],
            "characterIds": [],
            "creatureIds": [],
            "entryIds": [],
            "eventIds": []
          },
          "meta": {
            "updatedAt": "2026-02-21T06:23:50.560Z"
          }
        },
        {
          "id": "ed146467-ff57-4716-90c3-8e4b676cc2db",
          "kindId": "concept",
          "title": "위상  「PHASE」",
          "summary": "모든 비정상적 요소가 현실에 미치는 영향력을 평가하기 위한 분류 체계이다.",
          "description": "단순한 전투력이나 파괴력만이 아니라 통제 가능성, 확산 위험, 대응 난이도 등을 종합적으로 고려하여 산정된다.\n동일한 대상이라도 환경이나 사용자에 따라 위상이 변동될 수 있으며, 잠재적 위험성 또한 평가 기준에 포함된다.\n\n잔향 「AFTERECHO」\n- 대부분의 개화 초기 능력자나 초기 단계의 장비가 이 범주에 속한다.\n- 일반적인 총기류나 강화된 냉병기 수준의 피해를 유발할 수 있다.\n\n파동 「WAVE」\n- 전투 상황에서 실질적인 위협으로 간주되며, 다수의 인명 피해가 발생할 수 있다.\n- 중화기나 화포류에 준하는 파괴력을 지닌다.\n\n폭풍 「STORM」\n- 일반적인 전장을 지배할 수 있는 수준의 고위 위상.\n- 단일 개체만으로도 소도시 규모에 유의미한 피해를 입힐 수 있다.\n- 폭풍급 개체 하나는 복수의 중장갑 전력에 필적하는 전투력을 보유한다.\n\n재앙 「CALAMITY」\n- 국가 단위 대응이 요구되는 재난급 위상.\n- 출현 자체가 비상 상황으로 간주되며 대규모 대피 및 봉인 조치가 우선된다.\n- 장기적으로 방치될 경우 소도시 기능의 붕괴 또는 광범위한 환경 파괴가 발생할 수 있다.\n\n심연 「ABYSS」\n- 존재 자체가 현실의 안정성을 근본적으로 위협하는 최상위 위상.\n- 관측된 사례는 공식적으로 보고된 바 없으며, 대응 가능성 또한 불명확하다.\n- 만약 출현이 확인될 경우 기존의 위상 체계로는 대응이 불가능할 것으로 예상된다.",
          "image": "img:f8a178d0-1afd-49eb-b596-d66cb4707ea9",
          "icon": "img:9150ccd3-78d6-4121-9025-da41bba89324",
          "tags": [],
          "links": {
            "worldIds": [],
            "characterIds": [],
            "creatureIds": [],
            "entryIds": [],
            "eventIds": []
          },
          "meta": {
            "updatedAt": "2026-02-21T06:48:43.537Z"
          }
        },
        {
          "id": "cca48058-cd21-46d5-bddc-8cde860895b0",
          "kindId": "organization",
          "title": "버던트 하이브",
          "summary": "이상 현상 대응을 전문 여성 민간 기업.",
          "description": "미지 영역 탐사, 재난 대응, 기술 회수 및 인프라 구축을 전문으로 하는 민간 기업이다.\n\n조직은 생태계를 모티브로 한 독자적인 구조를 갖추고 있으며,\n최고 책임자인 ‘퀸(Queen)’을 중심으로 전투, 지원, 연구, 탐색, 행정 인력이 유기적으로 협력한다.\n\n버던트 하이브는 단순한 용병 집단이나 연구 기관이 아닌,\n발견에서 회수, 분석, 복구, 재건까지 전 과정을 단독 수행할 수 있는\n자급형 운영 체계를 보유하고 있다.\n\n다양한 위험 환경에서 축적된 기술력과 현장 경험을 바탕으로,\n정부와 민간 모두에게 신뢰받는 최전선 대응 조직으로 평가받고 있다.\n\n퀸 「QUEEN」\n- 조직의 통솔자. 단순 사업만 할 줄 아는 여성 CEO라고 생각한다면, 큰 오산이다. 대부분의 지도자들은, 그 자리에 필적하는 힘을 소유하고 있으니.\n\n프레데터 「PREDATOR」\n- 실질적인 버던트 하이브의 전력.\n- 핵심 전투 요원들로 구성되어 있으며, 개개인이 폭풍급의 위상을 지닌다.\n\n폴리네이터 「POLYNATOR」\n- 후방 전투 지원 요원.\n- 원거리에서 물자 지원, 전투 보조를 수행하며 필요 시 전투에도 투입된다.\n\n가드너 「GARDENER」\n- 경로 탐색, 재건, 민간인 안내 등을 도맡는 임무 보조 요원.\n\n루트 「ROOT」\n- 버던트 하이브 내부에서, 연구·통제·전략·계약 등을 도맡는 요원.\n",
          "image": "img:124de684-cf0a-45e6-b2d7-7c6fc6b3daa9",
          "icon": "img:4d7cd98e-ece7-43ee-ae86-bad6a40e2d11",
          "tags": [],
          "links": {
            "worldIds": [],
            "characterIds": [
              "5e4f6ccc-6ee6-46eb-82c7-84f92d5cb181",
              "9f961198-7124-4993-9599-2e0b95a36782",
              "3a60c070-5ba3-459c-bd0a-6cb39bc85dc4",
              "0893e14c-126d-4a04-ad1b-12f8fc63955e",
              "216a9e1c-b699-4360-92e1-d651772eaa06",
              "3b348690-34d1-4681-9f1d-a1d7eda7a596",
              "56492d84-07dc-49c4-a86d-9090da51960f",
              "0421c586-2ed3-429f-8873-337ccce6f585"
            ],
            "creatureIds": [],
            "entryIds": [],
            "eventIds": []
          },
          "meta": {
            "updatedAt": "2026-02-22T02:09:47.875Z"
          }
        }
      ],
      "events": []
    }
  ],
  "characters": [
    {
      "id": "b06a86b5-065a-4f14-8239-6526b7b98bd9",
      "name": "연화",
      "rankId": "rank_c",
      "subCategories": [
        "길잡이",
        "결",
        "재앙"
      ],
      "profileImage": "img:91d20f0d-b1a6-4c22-bd2c-38eb5ef92579",
      "mainImage": "img:5ef2f77f-a3e6-49b7-8203-3849a0d20cad",
      "subImages": [
        {
          "image": "img:a0f058cc-300e-4456-962e-ed91d9839e1f",
          "summary": "초롱  「결」",
          "description": "초롱이 달린 사복검.\n\n우아한 춤사위 끝에 매달린 초롱을 보고 있으면, 모든 것이 무의미해지는 듯 하다.\n\n대다수의 생물들은 적개심을 거두고, 검에 베이기도 전에 자신의 길로 들어선다."
        }
      ],
      "tags": [],
      "symbolColors": [
        {
          "id": "sc-1771663422877",
          "name": "가라앉는 청록색",
          "hex": "#1C2F2F"
        }
      ],
      "summary": "심연의 길잡이",
      "description": "우리가 아는 세계는 얕은 신경이 만들어 낸 표면에 지나지 않는다.\n그 얄팍한 세계에 헌신하는 길 잃은 자들을 위해 나타난  소녀.",
      "meta": {
        "order": 0
      }
    },
    {
      "id": "52bd9cd9-06f3-4ba2-a6b3-655a8292ebad",
      "name": "미나세 아마네",
      "rankId": "rank_c",
      "subCategories": [
        "길잡이",
        "파동",
        "결"
      ],
      "profileImage": "img:b473e407-fc15-47ca-8924-a51015102f2b",
      "mainImage": "img:df89928a-2e2d-466a-99ef-5d4bc77a3e49",
      "subImages": [
        {
          "image": "img:1c578c95-183a-4fc1-a2f5-5c3d5c603cc2",
          "summary": "검선 「결」",
          "description": "부채 형태의 검.\n목표를 향해 날아간 검날은 멈추지 않는다.\n거스를 수 없는 흐름처럼."
        }
      ],
      "tags": [],
      "symbolColors": [
        {
          "id": "sc:52bd9cd9-06f3-4ba2-a6b3-655a8292ebad:0:#444444",
          "name": "떠오르는 선홍색",
          "hex": "#E60023"
        }
      ],
      "summary": "재앙을 알리는 무녀",
      "description": "깊은 바다에서 떠오르는 존재들은 재앙을 상징하곤 한다.\n그녀 또한 그런 존재 중 하나다.\n갑작스러운 변고는, 사고일까, 아니면 운명일까?",
      "meta": {
        "order": 0
      }
    },
    {
      "id": "d8ab13e1-c5e1-4787-857c-4178e25edfe8",
      "name": "링샤",
      "rankId": "rank_c",
      "subCategories": [
        "길잡이",
        "재앙",
        "결"
      ],
      "profileImage": "img:ef502208-f4b1-4976-b1a2-cff4ca97641a",
      "mainImage": "img:1aa027a2-b749-4575-9b44-ddbadf3170b8",
      "subImages": [
        {
          "image": "img:64ba2084-4067-4a81-90ed-523d0d1e658f",
          "summary": "환락  「결」",
          "description": "커다란 생물의 형태를 띄고 있는 우산.\n\n펼쳐진 안쪽은 이상하리만치 아늑하고, 따듯해보인다.\n두려움도, 고통도, 불안도 전부 사소한 일처럼 느껴질 것만 같다."
        }
      ],
      "tags": [],
      "symbolColors": [
        {
          "id": "sc-1771671812138-ee2eaace72c1e",
          "name": "넘쳐 흐르는 노란색",
          "hex": "#FFD84D"
        }
      ],
      "summary": "슬플 이유가 없는 소녀",
      "description": "시작과 끝은 크게 중요하지 않아요.\n어떻게 생각 하는가에 따라 손바닥 뒤집듯 변하는 것인 걸요.\n\n중요한 건, 얼마나 즐거운가죠.",
      "meta": {
        "order": 0
      }
    },
    {
      "id": "14c8b383-3396-4638-8f5d-6d96d5135343",
      "name": "주리 은카라",
      "rankId": "rank_c",
      "subCategories": [
        "짐승굴",
        "파동",
        "단조장비",
        "앞발"
      ],
      "profileImage": "img:0cdcddac-e912-4c5d-b46c-794e146b0613",
      "mainImage": "img:267f86db-085a-400f-bfaa-8222d4d2543f",
      "subImages": [
        {
          "image": "img:94e9f57f-5902-4455-a310-63802ab1e7b7",
          "summary": "쌍 솟공니 「단조」",
          "description": "살을 베기보다 걸어 찢는 구조로 설계되어 있다.\n\n피에 젖어도 미끄러지지 않으며, \n끊어져가는 숨소리를 즐기는 이에게 걸맞는 무기."
        }
      ],
      "tags": [],
      "symbolColors": [
        {
          "id": "sc-1771672989518-df41b8260c20b",
          "name": "썩은 살점의 갈색",
          "hex": "#8A581E"
        }
      ],
      "summary": "짐승굴의 「앞발」 — 사냥을 선포하는 포식자",
      "description": "짐승굴 내부에서도 가장 위험한 존재 중 하나.\n전투력뿐 아니라 무리를 움직이는 감정의 흐름을 장악한다.\n\n칭찬, 유혹, 장난, 위협 —모든 것은 사냥의 일부일 뿐.\n\n가까워질수록 안전해 보이지만,\n실제로는 가장 먼저 목을 물어뜯는 포지션에 서 있다.\n\n그녀에게 관계는 유대가 아니라 지배 방식이다.",
      "meta": {
        "order": 0
      }
    },
    {
      "id": "eb6c0a6e-6697-4b0f-bebf-ae237210a14b",
      "name": "카이토 음바르카",
      "rankId": "rank_c",
      "subCategories": [
        "짐승굴",
        "파동",
        "단조장비",
        "앞발"
      ],
      "profileImage": "img:abe22a22-b762-491c-a1b8-eae8c437b07a",
      "mainImage": "img:2127e540-ac60-42d5-8268-57d3e50112b6",
      "subImages": [],
      "tags": [],
      "symbolColors": [
        {
          "id": "sc-1771673147564-67377d3a5738c",
          "name": "탁한 늪지의 올리브색",
          "hex": "#5A6B3C"
        }
      ],
      "summary": "짐승굴의 「앞발」 — 영역을 지키는 사냥꾼",
      "description": "짐승굴 내부에서도 가장 활동량이 적은 전투원.\n임무가 없으면 며칠이고 움직이지 않는다.\n\n상황을 비웃고, 동료를 욕하고, 매사 비관적이다.\n\n그러나 그의 구역에 들어오는 순간 그 무기력은 사라진다.\n\n경고도, 분노도, 선언도 없다.\n단지 침입자를 처단할 뿐.",
      "meta": {
        "order": 0
      }
    },
    {
      "id": "db9d04fd-2a94-4094-9a00-d8973f17bf85",
      "name": "발레리아 솔크레스트",
      "rankId": "rank_c",
      "subCategories": [
        "짐승굴",
        "파동",
        "단조장비",
        "앞발"
      ],
      "profileImage": "img:7d1f8ae4-eda2-4d48-bb15-6d5481c488f9",
      "mainImage": "img:d0d0df36-9704-43d2-87bc-be22a81f01b6",
      "subImages": [],
      "tags": [],
      "symbolColors": [
        {
          "id": "sc-1771673422745-52c8b645c5993",
          "name": "흩날리는 모래색",
          "hex": "#E6B422"
        }
      ],
      "summary": "짐승굴의 「앞발」 — 전장의 창공에서 군림하는 암살자",
      "description": "과거의 자신을 내려다보듯,\n지금도 누군가를 내려다본다.\n\n전장은 그저 이 아름다운 무희의\n화려한 비행과 절제된 동작으로 설계된 무대일 뿐.\n\n존재를 증명할 수 있는 전장에서, \n그녀의 심장은 오늘도 뛴다.",
      "meta": {
        "order": 0
      }
    },
    {
      "id": "77d32cc5-336b-421f-b976-3dc343081267",
      "name": "미아 로젠하트",
      "rankId": "rank_c",
      "subCategories": [
        "유랑단",
        "폭풍",
        "유물",
        "조련사"
      ],
      "profileImage": "img:34c3d1be-60d4-4d91-9e2f-2f7094e4b2cd",
      "mainImage": "img:72f1b7e9-b499-45fe-ac25-3b4fce2c86bf",
      "subImages": [
        {
          "image": "img:ae3397b1-f360-44e4-b1de-2374debf70a0",
          "summary": "아모르 인빈쿨룸 「유물」",
          "description": "사용자의 신념과 감정에 공명하여 형태와 효과가 변화하는 유물.\n미아의 손에 들리면 빛나는 리본 형태의 채찍으로 구현된다.\n\n보호와 결속을 상징하는 힘을 지니며, 미아를 한층 더 신뢰할 수 있는 든든한 조력자로 만든다."
        }
      ],
      "tags": [],
      "symbolColors": [
        {
          "id": "sc-1771704570189-8f14e09f16f648",
          "name": "사랑스러운 분홍색",
          "hex": "#FF4D8D"
        }
      ],
      "summary": "유랑단의 마스코트.",
      "description": "사람들을 모으고 마음을 안정시키는 소녀.\n오늘도 그녀의 공연을 보기 위해 수많은 사람들이 모여든다.\n\n사랑을 줄 수 있는 사람들 — 그 존재 자체가 그녀의 힘이다.\n소녀는 언제까지나 빛날 것이다, 사랑이 끊기기 전까지.",
      "meta": {
        "order": 0
      }
    },
    {
      "id": "8b98ca4d-5180-4ecd-842b-eb8bda2ab2cb",
      "name": "카엘 레오니다스",
      "rankId": "rank_c",
      "subCategories": [
        "유랑단",
        "폭풍",
        "결",
        "투사"
      ],
      "profileImage": "img:3d808cd2-5799-45b6-9deb-64e1e74e682d",
      "mainImage": "img:f4f0b852-2229-4c45-973b-6318bf00c7c2",
      "subImages": [
        {
          "image": "img:ecb74ea8-fea8-436d-b54e-42ae3da5e3d3",
          "summary": "레오 파르티스 「결」",
          "description": "평소에는 거대한 클레이모어 형태를 유지하지만,\n검의 외갑에는 수십 개의 투척 단검 모듈이 결합되어 있다.\n\n전투 시 단검이 분해되 공중으로 방출되어 사용자의 의지에 따라 자동으로 추적하여 공격을 수행한다. 각 단검은 독립적으로 움직이며 여러 목표를 동시에 견제하거나 뭉쳐 방패의 형태를 이루어 아군을 보호하는 데 사용될 수 있다.\n\n필요할 경우 단검들은 다시 집결하여 본래의 거대한 검으로 재구성 된다.\n여러 존재를 동시에 지키기 위한 카엘 자신의 올곧은 신념의 결집이다."
        }
      ],
      "tags": [],
      "symbolColors": [
        {
          "id": "sc-1771705152143-07af382e015ef",
          "name": "지켜내는 녹색",
          "hex": "#2E8B57"
        }
      ],
      "summary": "유량단의 방패이자 검.",
      "description": "거대한 체격과 위압적인 존재감과 달리, 그의 행동 원칙은 단순하다. \n자신과 자신의 사람을 끝까지 책임지는 것.\n\n위기가 닥치면 가장 먼저 앞으로 나서고, 마지막까지 물러서지 않는다.\n유랑단에서 그는 믿을 수 있는 방패이자, 의지할 수 있는 검이다.",
      "meta": {
        "order": 0
      }
    },
    {
      "id": "8d9ca2f8-90e1-413e-a0c6-4f223472afa3",
      "name": "바실리오 콘티넨탈",
      "rankId": "rank_c",
      "subCategories": [
        "유랑단",
        "재앙",
        "결",
        "단장"
      ],
      "profileImage": "img:3531ff72-e277-4a5c-8e74-de058231dfed",
      "mainImage": "img:2a7dfb43-3565-4c91-901a-5d5af954674c",
      "subImages": [
        {
          "image": "img:69acf7c1-0b4f-4dab-8575-ce125f943d50",
          "summary": "투스크 오케스트라 「결」",
          "description": "사용자의 의지에 따라 공간을 구획하거나, 아군의 위치와 움직임을 정렬시키며, 적의 행동을 제한하는 등 전장을 지휘하는 스태프. \n\n양 끝의 날카로운 상아는, 지휘관을 노리는 어리석은 자들의 심장을 꿰뚫는다."
        }
      ],
      "tags": [],
      "symbolColors": [
        {
          "id": "sc-1771706024315-b8cf737e5ade9",
          "name": "정돈된 보라색",
          "hex": "#5B4B8A"
        }
      ],
      "summary": "유랑단의 단장.",
      "description": "항상 차분하고 신사적인 태도를 유지하며, 어떤 상황에서도 목소리를 높이지 않는다.\n\n실제 전투를 본 이는 몇 안되지만, 장소를 불문하고 공연을 열 수 있는 유랑단 단장의 힘을 의심하는 이는 없을 것이다.",
      "meta": {
        "order": 0
      }
    },
    {
      "id": "5001786a-ad2d-40f7-b630-72aca6c90266",
      "name": "한도윤",
      "rankId": "rank_c",
      "subCategories": [
        "이상대응국",
        "작전부",
        "단조장비"
      ],
      "profileImage": "img:6b22ec52-3294-488d-9bef-2d6056946d4e",
      "mainImage": "img:7e7f1ae8-1758-4150-8b57-fd9382e39f8f",
      "subImages": [],
      "tags": [],
      "symbolColors": [
        {
          "id": "sc-1771707123572-7a6a6f90ac3ba",
          "name": "버텨내는 회백색",
          "hex": "#7A7F8C"
        }
      ],
      "summary": "무기력한 불가침의 생존자",
      "description": "이상 대응국 작전부 소속 오퍼레이터.\n특별한 사명도, 숭고한 신념도 없다.\n\n단지 알고 있을 뿐이다.\n날 내가 지켜내지 못한다면, 아무 의미도 없다는 것을.\n\n오직 자기 자신만 지켜내는 힘. 어쩌면, 우리 모두에게 필요할 힘일지도 모른다.\n\n내가 없다면 내 세상은 그 순간부터 사라지는 거니까.",
      "meta": {
        "order": 0
      }
    },
    {
      "id": "3a992502-cda4-4281-bf52-68cd20c7da71",
      "name": "한서윤",
      "rankId": "rank_c",
      "subCategories": [
        "이상대응국",
        "잔향",
        "정보부",
        "결"
      ],
      "profileImage": "img:df92e287-df97-4914-ad0b-f6b5806ad8bd",
      "mainImage": "img:9c2c611a-afeb-4a9a-9b58-7fd6326b535f",
      "subImages": [],
      "tags": [],
      "symbolColors": [
        {
          "id": "sc-1771712270314-eaebd9ee90ffe",
          "name": "희미한 기억의 하늘색",
          "hex": "#7FD1FF"
        }
      ],
      "summary": "자칭 정보부 엘리트 오퍼레이터",
      "description": "이상 대응국 정보부 출신 오퍼레이터.\n분석과 기록을 담당하는 비전투 인력이었지만, 기억을 재현하는 능력 덕분에 현장 투입이 가능해졌다.\n\n자신을 “정보부 최고의 엘리트”라고 굳게 믿고 있다.",
      "meta": {
        "order": 0
      }
    },
    {
      "id": "5e4f6ccc-6ee6-46eb-82c7-84f92d5cb181",
      "name": "오로르 베스파",
      "rankId": "rank_c",
      "subCategories": [
        "버던트 하이브",
        "재앙",
        "단조장비",
        "퀸"
      ],
      "profileImage": "img:6d0d1ccc-cdf4-4b9d-8137-8be6a7999500",
      "mainImage": "img:daf6f9dc-4e2f-4f42-9b2f-152aa4ec207b",
      "subImages": [
        {
          "image": "",
          "summary": "레기나 프로토콜 「단조」",
          "description": "사용자 의지에 반응해 최적의 전투 형태로 변형되는 레이피어.\n결에 가까울 정도의 적합성을 지녔지만, 실제로는 최첨단 기술과 막대한 자본이 만들어낸 단조장비다.\n\n\"돈이면 다... 되는 게 맞네..\""
        }
      ],
      "tags": [],
      "symbolColors": [
        {
          "id": "sc-1771716448925-37768b442b6188",
          "name": "톡 쏘는 황금색",
          "hex": "#F5C400"
        }
      ],
      "summary": "버던트 하이브의 CEO, 여왕벌.",
      "description": "\"개천에서 용나는게 정말 쉬운 일이 아니지.\"\n\"정말 웬만큼 독하지 않고서야..\"\n\n누구나 알아주는 이상 대응 전문 기업 버던트 하이브의 CEO 베스파. 그 말대로, 그녀 또한 그렇다.\n\n베스파는 사람을 정원처럼 관리한다.\n꽃은 보호하고, 잡초는 제거하며, 가치를 만들어내지 못하는 존재는 과감히 베어낸다.\n\n“내 행복말고 살 이유가 있나?”\n이 말은 이기적인 선언이 아니라,\n세상을 통제하기 위한 그녀의 명확한 기준이다.\n\n행복하지 않다면 유지할 필요도 없다.\n즐겁지 않다면 존재할 이유도 없다.\n\n그래서 그녀는 전투조차도 “즐거운 방식”으로 끝낸다.\n빠르고, 정확하고, 우아하게.",
      "meta": {
        "order": 0
      }
    },
    {
      "id": "3b348690-34d1-4681-9f1d-a1d7eda7a596",
      "name": "루메아 아르멘",
      "rankId": "rank_c",
      "subCategories": [
        "버던트 하이브",
        "유물",
        "폭풍",
        "가드너"
      ],
      "profileImage": "img:f4dc7612-6c1c-4f67-b555-47f9fcc56fd0",
      "mainImage": "img:f25fbd3d-ced0-450a-9cc7-554cbba36d07",
      "subImages": [
        {
          "image": "",
          "summary": "루멘 「유물」",
          "description": "나침반의 빛을 품은 거대한 전정가위.\n닫힐 때마다 보이지 않는 길을 베어내고, 열릴 때마다 새로운 가능성을 드러낸다.\n\n도저히 길이 보이지 않을 때, 이따금 루메아에게 말을 건네 방향을 제시한다."
        }
      ],
      "tags": [],
      "symbolColors": [
        {
          "id": "sc-1771718868132-315992165dfbf8",
          "name": "새벽 이슬 녹금색",
          "hex": "#CFEA63"
        }
      ],
      "summary": "상냥한 정원사",
      "description": "항상 밝게 웃으며 사람들 곁에 머무는 소녀.\n그녀 덕분에 버던트 하이브를 봉사 단체로 착각하는 사람들도 종종 있다.\n\n쓰러진 가지를 자르고, 막힌 길을 열어 누군가가 다시 걸을 수 있도록 돕는다.",
      "meta": {
        "order": 0
      }
    },
    {
      "id": "0893e14c-126d-4a04-ad1b-12f8fc63955e",
      "name": "헬레나 크라우스",
      "rankId": "rank_c",
      "subCategories": [
        "버던트 하이브",
        "파동",
        "단조장비",
        "폴리네이터"
      ],
      "profileImage": "img:02352e83-c571-4e24-b656-4a87762df070",
      "mainImage": "img:b3a2a5dd-586d-4c65-a368-5930cb4665f8",
      "subImages": [
        {
          "image": "",
          "summary": "",
          "description": ""
        }
      ],
      "tags": [],
      "symbolColors": [
        {
          "id": "sc-1771719376637-37c90031e630d8",
          "name": "빠릿빠릿한 샛노랑색",
          "hex": "#FCFF2E"
        }
      ],
      "summary": "신중한 꿀벌",
      "description": "주 임무는 후방 전투 보조와 지원이지만, 언제나 긴장의 끈을 놓지 않는다.\n\n항상 빈틈 투성이인 동생을 챙기느라 그런 건지,\n매사에 신중하고 표정에 변화가 거의 없다.",
      "meta": {
        "order": 0
      }
    },
    {
      "id": "216a9e1c-b699-4360-92e1-d651772eaa06",
      "name": "레나 클라우스",
      "rankId": "rank_c",
      "subCategories": [
        "버던트 하이브",
        "잔향",
        "단조장비",
        "폴리네이터"
      ],
      "profileImage": "img:49eb8f14-5f3e-42a5-af4c-0cb8b0e274e3",
      "mainImage": "img:617fd105-5aaf-4f24-a0ef-6987d9ac622e",
      "subImages": [],
      "tags": [],
      "symbolColors": [
        {
          "id": "sc-1771719334437-542d9931d0eb28",
          "name": "수줍음타는 연노랑색",
          "hex": "#F5F782"
        }
      ],
      "summary": "수줍은 꿀벌",
      "description": "아직은 전장이 어색한 꼬마 지원가.\n언니의 뒷꽁무니를 따라 다니는 것도 벅차 보인다.\n\n덤벙거리지않기 위해 항상 긴장하지만,\n너무 긴장한 탓에 더 실수를 하곤 한다.",
      "meta": {
        "order": 0
      }
    },
    {
      "id": "9f961198-7124-4993-9599-2e0b95a36782",
      "name": "루치아 발렌티",
      "rankId": "rank_c",
      "subCategories": [
        "버던트 하이브",
        "폭풍",
        "프레데터",
        "유물"
      ],
      "profileImage": "img:d03293c1-afec-4a24-9e36-5a18c2ecba8a",
      "mainImage": "img:72d3d2ce-ea55-4b8b-accd-e1bbfdd2dbff",
      "subImages": [
        {
          "image": "",
          "summary": "미스틸테인 「유물」",
          "description": "옛적, 심연급 위상의 존재를 쓰러뜨렸다고 전해지는 검. \n빛의 기운을 머금고, 휘두르는 결대로 흐르듯 적들을 베어넘긴다.\n\n해당 유물 사용 후 점점 더 루치아가 빠른 업무 처리에 몰두한다는  소문이 있다. \n급하게 도달해야할 목표가 있는 것 처럼..."
        }
      ],
      "tags": [],
      "symbolColors": [
        {
          "id": "sc-1771720041214-52b467202aa54",
          "name": "톡 쏘는 탠저린색",
          "hex": "#FA8128"
        }
      ],
      "summary": "쾌활한 땅벌",
      "description": "속전속결, 깔끔한 일 처리를 선호하는 버던트 하이브의 전투 요원.\n\n그 와중에도 관중을 생각해 화려함까지 챙기는,  활기 넘치는 전투의 여제.",
      "meta": {
        "order": 0
      }
    },
    {
      "id": "3a60c070-5ba3-459c-bd0a-6cb39bc85dc4",
      "name": "아냐 소콜",
      "rankId": "rank_c",
      "subCategories": [
        "버던트 하이브",
        "폭풍",
        "결",
        "프레데터"
      ],
      "profileImage": "img:f4fa5916-e5f1-41e6-8ca1-c3d6b860fe28",
      "mainImage": "img:58d2f568-36b7-4225-b41e-78d64b504696",
      "subImages": [
        {
          "image": "",
          "summary": "루인 카버 「단조」",
          "description": "베지 못하는 존재는 찢어발기는 강력한 화력의 대검.\n그녀의 결이 이러한 형태를 띄게 된 것엔 이유가 있을 것이다."
        }
      ],
      "tags": [],
      "symbolColors": [
        {
          "id": "sc-1771721159940-d6addb7779347",
          "name": "과격한 레드 오렌지색",
          "hex": "#FF3F34"
        }
      ],
      "summary": "과격한 말벌",
      "description": "과묵하지만, 파괴력으로 존재감을 증명하는 버던트 하이브의 전투 요원.\n\n무뚝뚝하고 임무에만 집중하는 것 같지만, 사실은 전장 자체를  즐기고 있다.",
      "meta": {
        "order": 0
      }
    },
    {
      "id": "56492d84-07dc-49c4-a86d-9090da51960f",
      "name": "클라우디아 페리",
      "rankId": "rank_c",
      "subCategories": [
        "버던트 하이브",
        "폭풍",
        "단조장비",
        "루트"
      ],
      "profileImage": "img:e96496c5-ca74-4fc7-a998-b1086a02b3ca",
      "mainImage": "img:59f3e7e7-abb2-47c1-ab2c-6fd94d0978be",
      "subImages": [],
      "tags": [],
      "symbolColors": [
        {
          "id": "sc-1771723697619-6d6081c8e9df08",
          "name": "냉철한 바이올렛",
          "hex": "#B26CD8"
        }
      ],
      "summary": "냉철한 전략·계약 분석관",
      "description": "버던트 하이브의 실질적 2인자. 감정없이 숫자만으로 판단한다. \n어떤 임무를 수락할지, 어떤 인원을 보낼지 모두 클라우디아의 손에 결정된다.  ",
      "meta": {
        "order": 0
      }
    },
    {
      "id": "0421c586-2ed3-429f-8873-337ccce6f585",
      "name": "엘리자 모건",
      "rankId": "rank_c",
      "subCategories": [
        "버던트 하이브",
        "폭풍",
        "결",
        "루트"
      ],
      "profileImage": "img:04187c64-1806-4beb-9d1b-86290388265e",
      "mainImage": "img:3c3438ed-5bb2-4c03-a0bb-77c55ee63b7d",
      "subImages": [],
      "tags": [],
      "symbolColors": [
        {
          "id": "sc-1771724115366-5f33fc70fb2d58",
          "name": "뻗어나가는 연두색",
          "hex": "#B9EE84"
        }
      ],
      "summary": "엉뚱한 연구소장",
      "description": "버던트 하이브의 모든 연구를 총괄하는 천재 연구소장.\n항상 데이터에 파묻혀 있어 말을 걸면 몸을 흔들어야 반응한다.\n회의에서는 엉뚱한 발언을 반복하지만, 결과물은 언제나 압도적이다.",
      "meta": {
        "order": 0
      }
    }
  ],
  "creatures": [],
  "settings": {
    "heroBackgroundImage": "img:94e0a580-0ffe-4879-be46-f0642f524eb3",
    "characterCategories": [
      {
        "main": "소속",
        "subs": [
          "이상대응국",
          "길잡이",
          "유랑단",
          "버던트 하이브",
          "짐승굴",
          "푸른 구원"
        ]
      },
      {
        "main": "위상",
        "subs": [
          "잔향",
          "파동",
          "폭풍",
          "재앙",
          "심연"
        ]
      },
      {
        "main": "장비",
        "subs": [
          "유물",
          "결",
          "단조장비"
        ]
      },
      {
        "main": "버던트 하이브",
        "subs": [
          "퀸",
          "가드너",
          "폴리네이터",
          "프레데터",
          "루트"
        ]
      },
      {
        "main": "유랑단",
        "subs": [
          "단장",
          "투사",
          "조련사"
        ]
      },
      {
        "main": "짐승굴",
        "subs": [
          "수왕",
          "앞발",
          "송곳니",
          "갈기"
        ]
      },
      {
        "main": "이상대응국",
        "subs": [
          "작전부",
          "연구부",
          "정보부"
        ]
      }
    ],
    "creatureCategories": [],
    "editMode": true,
    "rankSets": {
      "characters": {
        "id": "rankset_characters",
        "name": "Character Ranks",
        "defaultTierId": "rank_c",
        "tiers": [
          {
            "id": "rank_s",
            "label": "S",
            "order": 0
          },
          {
            "id": "rank_a",
            "label": "A",
            "order": 1
          },
          {
            "id": "rank_b",
            "label": "B",
            "order": 2
          },
          {
            "id": "rank_c",
            "label": "C",
            "order": 3
          },
          {
            "id": "rank_d",
            "label": "D",
            "order": 4
          }
        ]
      },
      "creatures": {
        "id": "rankset_creatures",
        "name": "Creature Threat",
        "defaultTierId": "threat_1",
        "tiers": [
          {
            "id": "threat_1",
            "label": "I",
            "order": 0
          },
          {
            "id": "threat_2",
            "label": "II",
            "order": 1
          },
          {
            "id": "threat_3",
            "label": "III",
            "order": 2
          },
          {
            "id": "threat_4",
            "label": "IV",
            "order": 3
          },
          {
            "id": "threat_5",
            "label": "V",
            "order": 4
          }
        ]
      }
    },
    "frameSettings": {
      "characters": {
        "base": {
          "presets": [
            "glow-soft"
          ]
        },
        "selectedExtra": {
          "outer": "glow-soft",
          "inner": "glass-surface"
        }
      },
      "creatures": {
        "base": {
          "presets": [
            "glow-soft"
          ]
        }
      }
    }
  }
}